Number,title,artist,top genre,year,bpm,nrgy,dnce,dB,live,val,dur,acous,spch,pop
175,She Looks So Perfect,5 Seconds of Summer,boy band,2014,160,95,49,-4,33,44,202,0,13,69
577,Run To You,Bryan Adams,album rock,1984,127,81,56,-6,29,64,233,1,3,65
275,Stuck On You,Lionel Richie,adult standards,1983,132,32,51,-16,9,25,192,62,3,69
514,The Rhythm of the Night,Corona,bubblegum dance,1994,128,81,69,-12,10,80,264,0,3,69
300,Beautiful Girls,Sean Kingston,dance pop,2014,118,64,54,-7,24,75,242,14,9,60
183,What A Girl Wants - Eddie Arroyo Dance Radio Edit,Christina Aguilera,dance pop,1999,130,92,75,-7,7,66,244,1,3,40
395,Tous les garçons et les filles - Slow,Françoise Hardy,chanson,1962,108,37,74,-10,14,89,188,81,3,57
415,Gimme! Gimme! Gimme! (A Man After Midnight),ABBA,europop,1979,120,49,75,-10,16,54,293,2,4,74
312,Perfect Strangers,Jonas Blue,dance pop,2018,118,86,73,-4,21,70,197,39,5,76
245,I Walk on Guilded Splinters,Dr. John,blues,1968,90,29,65,-19,9,71,466,56,8,48
129,Relight My Fire (feat. Lulu),Take That,boy band,1993,123,94,65,-7,10,93,252,4,5,61
459,Running Up That Hill (A Deal With God),Kate Bush,art pop,1985,108,55,63,-13,6,20,299,72,6,67
43,I Knew You Were Trouble.,Taylor Swift,dance pop,2012,77,47,62,-7,3,68,220,0,4,75
399,Doctor Doctor - 2007 Remaster,UFO,album rock,1974,143,80,30,-7,50,56,252,0,5,60
215,When You Love Someone,James TW,neo mellow,2019,126,45,68,-6,5,35,217,26,3,76
452,In My Head,Jason Derulo,dance pop,2010,110,75,76,-4,35,85,199,3,3,69
235,FRIENDS,Marshmello,brostep,2018,95,88,63,-2,13,53,203,21,5,83
153,Mandy,Barry Manilow,adult standards,1974,104,46,31,-9,14,32,213,42,3,69
574,Spending My Time,Roxette,europop,1991,171,57,42,-5,13,22,276,24,3,69
282,My Heart Belongs to Me,Barbra Streisand,adult standards,1977,139,21,27,-16,18,30,201,74,3,44
262,Isfahan,Duke Ellington,adult standards,1967,173,7,25,-14,10,9,246,98,3,47
218,L-O-V-E,Nat King Cole,adult standards,1992,78,37,43,-8,8,66,155,68,8,68
149,Weak,SWV,dance pop,1992,128,53,69,-11,7,57,292,11,4,66
95,Baby Come Back,Player,soft rock,2007,157,57,65,-11,12,56,214,5,11,59
559,What's Luv? (feat. Ja-Rule & Ashanti),Fat Joe,bronx hip hop,2001,94,71,84,-5,11,92,267,2,6,72
4,Won't Get Fooled Again - Original Album Version,The Who,album rock,1971,135,92,69,-6,8,23,511,30,6,65
384,Crying,Roy Orbison,adult standards,2017,97,47,23,-6,32,21,179,57,3,49
316,I Think We're Alone Now,Tiffany,new wave pop,2008,130,89,65,-5,9,70,227,0,4,58
125,Love Lies (with Normani),Khalid,alternative r&b,2018,144,65,71,-6,13,34,202,10,4,79
278,Against All Odds (Take a Look at Me Now) - 2016 Remaster,Phil Collins,mellow gold,2016,116,50,58,-7,13,11,206,20,3,74
498,Trouble Every Day,Frank Zappa,album rock,1966,121,78,31,-13,90,48,350,51,8,44
342,The Hills,The Weeknd,canadian contemporary r&b,2015,113,56,58,-7,14,14,242,7,5,83
35,Nothing's Gonna Change My Love For You,Glenn Medeiros,soft rock,1986,142,43,45,-13,6,39,232,57,4,64
65,Jessie's Girl,Rick Springfield,album rock,1981,132,59,72,-14,10,85,194,33,5,64
422,Dancing Queen,ABBA,europop,2008,101,93,51,-4,56,68,231,17,5,65
240,Hot Burrito #1,The Flying Burrito Brothers,alternative country,1969,157,43,40,-13,17,35,217,1,3,46
416,Stronger,Kanye West,chicago rap,2007,104,72,62,-8,41,49,312,1,15,80
220,What Becomes Of The Brokenhearted,Jimmy Ruffin,brill building pop,1989,99,42,72,-13,57,60,176,62,3,59
308,Who Am I (What's My Name)?,Snoop Dogg,g funk,1993,97,83,69,-4,52,69,246,0,5,70
489,Right Here Waiting,Richard Marx,mellow gold,1989,178,25,40,-14,10,13,264,80,3,75
195,Life in the Fast Lane - 2013 Remaster,Eagles,album rock,1976,110,76,67,-7,5,88,286,10,7,72
264,Without You (feat. Sandro Cavazza),Avicii,big room,2017,134,86,66,-5,5,30,182,0,4,80
534,I Feel Love - Edit,Donna Summer,dance pop,2018,126,91,66,-9,8,94,227,3,4,52
392,"Ferry Cross the Mersey - Stereo, 1997 Remaster",Gerry & The Pacemakers,adult standards,1997,105,29,40,-11,12,61,144,55,3,56
441,Bed Of Roses,Bon Jovi,glam metal,1992,165,60,31,-6,21,16,394,10,3,73
546,Get A Way,Maxx,bubblegum dance,1994,133,86,85,-10,5,60,227,3,4,60
46,Hysteria,Def Leppard,album rock,1987,107,85,66,-6,20,66,355,3,3,68
409,Take It Easy - 2013 Remaster,Eagles,album rock,1972,139,67,57,-10,13,74,212,34,3,75
11,Slide (feat. Frank Ocean & Migos),Calvin Harris,dance pop,2017,104,80,74,-3,25,51,231,50,5,74
389,Please Forgive Me,Bryan Adams,album rock,2005,67,46,53,-7,10,15,356,50,3,43
317,American Boy,Estelle,r&b,2008,118,73,73,-3,7,51,285,17,33,79
202,Strip That Down (feat. Quavo),Liam Payne,dance pop,2019,106,50,87,-5,8,55,202,20,5,71
158,I Promised Myself,Nick Kamen,,1990,128,80,58,-12,3,69,241,0,3,61
589,God's Plan,Drake,canadian hip hop,2018,77,45,75,-9,55,36,199,3,11,85
413,You're The One That I Want - From â€œGreaseâ€,John Travolta,hollywood,1978,107,61,76,-11,10,82,170,28,6,74
521,3AM,Matchbox Twenty,neo mellow,1996,108,67,52,-9,12,54,226,1,3,68
112,Killer Queen - 2011 Mix,Queen,glam rock,1974,117,65,54,-6,13,61,180,39,5,51
423,Hate That I Love You,Rihanna,barbadian pop,2008,94,73,64,-5,10,73,219,32,9,71
527,rockstar (feat. 21 Savage),Post Malone,dfw rap,2018,160,52,59,-6,13,13,218,12,7,88
504,Have You Ever - Radio Edit,Brandy,dance pop,2005,134,48,68,-7,30,23,215,60,4,54
59,Rocket Man (I Think It's Going To Be A Long Long Time),Elton John,glam rock,1972,137,53,60,-9,9,34,282,43,3,81
131,Fireflies,Owl City,pop,2009,180,66,51,-7,12,46,228,3,4,78
17,Livin' On A Prayer,Bon Jovi,glam metal,1986,123,89,53,-4,29,80,249,8,3,83
355,"Circle of Life - From ""The Lion King""/Soundtrack Version",Elton John,glam rock,1994,161,39,30,-15,11,14,292,26,3,59
377,One Last Time,Ariana Grande,dance pop,2014,125,59,63,-5,10,10,197,9,3,79
552,L'Amour Toujours,Gigi D'Agostino,eurodance,2011,139,73,62,-8,36,81,239,3,3,67
239,Dynamite,Taio Cruz,dance pop,2010,120,78,75,-4,4,82,203,0,9,77
437,Summer Air,ItaloBrothers,dance pop,2017,102,75,76,-4,8,49,184,6,7,43
12,Crank That (Soulja Boy),Soulja Boy,atl hip hop,2007,140,74,74,-2,5,80,222,52,8,76
13,The Best - Edit,Tina Turner,disco,1991,104,83,68,-6,21,82,250,1,3,71
176,The Winner Takes It All,ABBA,europop,1980,126,79,45,-7,9,52,295,57,4,72
339,Empire State of Mind (Part II) Broken Down,Alicia Keys,hip pop,2009,93,37,48,-8,12,14,216,74,3,75
291,One Kiss (with Dua Lipa),Calvin Harris,dance pop,2018,124,86,79,-3,8,59,215,4,11,85
44,Boom Boom Pow,The Black Eyed Peas,dance pop,2009,130,86,87,-6,13,40,251,13,7,68
520,PILLOWTALK,ZAYN,dance pop,2016,125,70,58,-4,9,44,203,12,5,78
436,Smack That,Akon,dance pop,2006,119,74,94,-5,9,93,212,32,5,73
268,Capsize,FRENSHIP,electropop,2016,93,71,68,-6,69,36,238,4,3,72
260,Break Your Heart,Taio Cruz,dance pop,2010,122,93,61,-4,9,57,202,3,3,71
553,In the Name of Love,Martin Garrix,big room,2016,134,52,50,-6,45,17,196,11,4,80
412,Picture Of You,Boyzone,boy band,1997,117,92,76,-6,37,88,206,10,4,65
55,Crush,David Archuleta,dance pop,2008,162,66,57,-5,7,49,214,1,3,70
7,Back In The U.S.S.R. - Remastered 2009,The Beatles,british invasion,1968,142,97,48,-7,6,49,163,7,9,66
123,Heaven,Bryan Adams,album rock,1984,140,59,38,-7,12,34,243,5,3,76
285,Break My Stride,Matthew Wilder,new wave pop,1983,110,59,92,-11,9,83,184,20,6,81
251,Rhythm of the Rain,The Cascades,adult standards,1963,117,66,66,-8,14,67,146,63,4,59
408,Guilty (feat. Barry Gibb),Barbra Streisand,adult standards,1980,151,43,63,-16,11,95,264,23,4,67
479,Detroit Rock City,KISS,album rock,1978,91,90,55,-7,29,46,216,4,7,68
556,Gasolina,Daddy Yankee,latin,2004,96,80,86,-6,8,75,193,33,6,76
373,Where Do Broken Hearts Go,Whitney Houston,dance pop,1987,62,39,46,-12,7,25,278,63,3,67
231,In The Army Now,Status Quo,album rock,2002,105,73,68,-8,14,94,281,11,2,59
484,Ca' the Yowes,Shirley & Dolly Collins,british folk,2008,80,7,32,-10,27,32,208,76,3,41
470,Every Time You Go Away - Radio Edit,Paul Young,album rock,1991,164,72,57,-9,22,84,267,19,4,70
10,A Whole New World (Aladdin's Theme),Peabo Bryson,adult standards,1993,108,32,52,-10,14,13,243,63,3,63
426,Comment te dire adieu - It Hurts to Say Goodbye,Françoise Hardy,chanson,2005,124,45,73,-12,11,84,146,20,6,59
353,Mr. Blue Sky,Electric Light Orchestra,album rock,1977,178,34,39,-10,25,48,303,65,3,79
566,Blue (Da Ba Dee) - Gabry Ponte Ice Pop Radio,Eiffel 65,bubblegum dance,1998,128,97,82,-11,39,77,284,26,6,64
306,Bailando,Paradisio,bubblegum dance,1997,133,94,65,-9,12,84,229,8,4,58
495,Mysterious Girl - Radio Edit,Peter Andre,europop,2004,172,82,66,-6,30,86,217,14,21,62
172,Mr. Vain - Original Radio Edit,Culture Beat,bubblegum dance,1993,133,100,70,-8,12,39,257,7,4,69
276,Material Girl,Madonna,dance pop,2009,137,88,74,-3,10,98,240,33,3,72
330,Last Friday Night (T.G.I.F.),Katy Perry,dance pop,2012,126,82,65,-4,67,77,231,0,4,74
75,Higher Love - Single Version,Steve Winwood,album rock,2007,99,89,70,-7,50,92,252,6,4,66
506,Your Song,Elton John,glam rock,1990,128,33,55,-11,11,30,241,78,3,66
54,Big Poppa - 2005 Remaster,The Notorious B.I.G.,east coast hip hop,1994,84,58,78,-7,14,76,253,43,27,74
358,Don't Stop The Music,Rihanna,barbadian pop,2008,123,67,84,-6,5,54,267,3,6,76
104,Don't Stop,ATB,german dance,1999,134,94,71,-5,32,57,221,15,4,56
203,bad guy,Billie Eilish,electropop,2019,135,43,70,-11,10,56,194,33,38,94
592,Can't Take My Eyes Off You,Frankie Valli,adult standards,2017,124,78,58,-7,8,56,204,51,6,53
449,You Ain't Seen Nothing Yet,Bachman-Turner Overdrive,album rock,1974,118,44,48,-15,22,76,235,0,4,68
105,What the World Needs Now Is Love,Dionne Warwick,adult standards,2016,112,36,57,-10,14,40,190,92,4,51
237,The Boss,Diana Ross,adult standards,1979,124,91,64,-4,21,83,241,24,5,57
86,The Tide Is High - Radio Mix,Atomic Kitten,bubblegum dance,2003,103,69,78,-3,3,64,205,2,3,66
79,Dancing With Myself,Billy Idol,album rock,1985,177,70,51,-11,30,91,360,2,8,68
570,Fly Me To The Moon (In Other Words),Frank Sinatra,adult standards,1962,119,26,67,-14,6,37,147,45,5,76
313,7 Days,Craig David,british soul,2001,83,81,66,-7,10,89,235,23,5,70
193,Old Town Road - Remix,Lil Nas X,country rap,2019,136,62,88,-6,11,64,157,5,10,89
164,I Got Lucky,Elvis Presley,adult standards,1971,93,39,73,-12,20,96,116,84,4,49
127,The Nights,Avicii,big room,2014,126,84,53,-5,25,65,177,2,4,80
462,Youngblood,5 Seconds of Summer,boy band,2018,120,85,60,-5,12,15,203,2,46,77
49,Imagine - Remastered,John Lennon,album rock,1971,76,26,55,-12,9,17,188,91,3,77
243,Faded,Alan Walker,electro house,2018,180,63,47,-5,11,16,212,3,5,80
216,Everybody Needs Somebody To Love - Long Version,The Rolling Stones,album rock,1965,178,73,53,-8,11,80,303,26,7,52
140,Zulu Nation Throw Down,Afrika Bambaataa,bronx hip hop,2015,108,95,85,-4,10,91,433,76,19,50
180,Everytime We Touch - Radio Edit,Cascada,bubblegum dance,2011,142,98,64,-5,37,49,199,0,6,64
338,Barabajagal (with Jeff Beck Group),Donovan,art rock,1969,100,57,67,-17,8,68,200,10,7,42
141,It Takes Two,Marvin Gaye,classic soul,1966,151,48,52,-11,8,81,178,21,5,62
250,You Make Me Feel Like Dancing,Leo Sayer,adult standards,1976,96,73,73,-5,11,71,221,8,5,57
97,Boulder to Birmingham - Remastered,Emmylou Harris,country rock,1975,126,32,48,-11,10,31,213,78,3,59
199,Spanish Eyes,Al Martino,adult standards,1977,109,49,51,-9,9,49,167,36,3,49
365,Always Be My Baby,Mariah Carey,dance pop,1995,79,53,65,-8,25,49,258,46,4,73
334,Telegram Sam,T. Rex,album rock,1972,123,94,52,-4,9,44,226,2,12,40
364,Holiday,Madonna,dance pop,1983,118,70,81,-9,5,73,232,3,5,58
41,Just the Way You Are,Bruno Mars,pop,2010,109,84,64,-5,9,43,221,2,4,77
248,Numb / Encore,JAY-Z,east coast hip hop,2004,107,80,69,-4,55,80,205,6,16,71
349,No Matter What,Boyzone,boy band,1998,93,42,70,-9,14,53,274,19,2,65
446,We Will Rock You - Remastered,Queen,glam rock,1977,81,50,69,-7,26,48,122,68,12,79
287,No Time,The Guess Who,album rock,1971,128,48,48,-14,5,12,219,8,6,44
211,Dragostea Din Tei - Italian Version,O-Zone,bubblegum dance,2010,130,89,67,-6,10,80,215,4,3,44
290,The Old Man's Back Again (Dedicated To The Neo-Stalinist Regime),Scott Walker,art pop,1969,91,45,42,-16,16,78,221,58,4,54
547,Hard Habit to Break - 2006 Remaster,Chicago,adult standards,1984,81,61,58,-6,17,40,284,45,3,61
197,Are You Ready For Love? - Remastered,Elton John,glam rock,2017,117,75,80,-5,11,75,212,25,3,67
442,Yeah! (feat. Lil Jon & Ludacris),Usher,atl hip hop,2004,105,79,89,-5,4,58,250,2,11,79
169,Stumblin' In - 2017 Remaster,Suzi Quatro,classic uk pop,1978,129,72,76,-11,35,92,240,13,3,61
67,Brandy (You're a Fine Girl),Looking Glass,soft rock,1972,125,63,72,-11,13,83,187,40,6,73
587,Midnight Train to Georgia - Short Version,Gladys Knight & The Pips,adult standards,1973,177,42,44,-10,19,39,199,7,8,53
94,You'll Never Walk Alone,Gerry & The Pacemakers,adult standards,2017,114,43,45,-6,22,29,160,42,3,49
33,Piu bella cosa,Eros Ramazzotti,italian pop,2014,110,79,67,-5,11,62,265,8,3,58
487,Incomplete,Sisqo,dance pop,1999,119,44,75,-8,14,27,274,28,8,62
2,You Are Everything,Diana Ross,adult standards,1973,150,53,52,-10,14,50,190,3,5,56
356,Valerie,Steve Winwood,album rock,1982,116,53,72,-11,8,73,247,57,3,65
294,Yesterday - Remastered 2009,The Beatles,british invasion,1965,97,18,33,-12,9,32,126,88,3,78
584,Say You Say Me,Lionel Richie,adult standards,1986,128,41,64,-11,8,26,241,36,3,70
303,Flashdance...What a Feeling - Radio Edit,Irene Cara,dance rock,1983,122,65,57,-7,9,40,237,1,3,70
457,Please Don't Go,Double You,eurodance,1992,120,84,71,-12,3,49,200,6,4,59
246,It's A Shame,The Spinners,classic soul,1970,199,64,37,-12,12,71,190,9,6,64
526,Womanizer,Britney Spears,dance pop,2009,139,70,72,-5,9,24,224,7,6,74
474,Listen to the Music,The Doobie Brothers,album rock,1972,106,60,65,-13,7,91,227,22,3,75
21,We Are The World,U.S.A. For Africa,,1985,73,45,53,-15,7,29,427,19,4,69
458,Arthur's Theme (Best That You Can Do),Christopher Cross,adult standards,1981,137,52,53,-11,18,52,234,17,4,70
38,Last Christmas,Wham!,dance rock,2019,108,58,74,-9,18,94,265,19,3,78
359,Hot N Cold,Katy Perry,dance pop,2008,132,84,71,-4,7,86,220,0,4,69
490,Juicy - 2007 Remaster,The Notorious B.I.G.,east coast hip hop,2007,96,82,87,-5,15,79,301,48,26,62
397,Because Of You,Ne-Yo,dance pop,2007,110,54,81,-6,10,83,267,53,4,72
161,Scared to Be Lonely,Martin Garrix,big room,2017,138,54,58,-8,26,20,221,9,6,81
252,Since You Been Gone,Rainbow,album rock,1997,121,60,73,-10,60,94,198,37,4,63
48,Candy Shop,50 Cent,east coast hip hop,2005,125,57,61,-8,38,76,209,3,47,78
1,Don't Leave,Snakehips,dance pop,2017,122,70,66,-3,26,34,215,22,8,68
454,Something,Lasgo,belgian dance,2001,140,98,64,-7,11,38,221,3,4,63
70,Insomnia - Radio Edit,Faithless,big beat,2010,127,92,71,-9,37,53,216,6,4,50
115,Break Your Heart,Taio Cruz,dance pop,2011,122,89,67,-5,24,68,185,0,3,54
9,I Got 5 On It,Luniz,g funk,1995,174,71,60,-8,13,58,254,21,36,73
185,Whistle,Flo Rida,dance pop,2012,104,94,75,-6,29,74,225,2,5,75
42,Lady Writer,Dire Straits,album rock,1979,148,81,63,-9,7,96,225,10,3,61
263,In Da Club,50 Cent,east coast hip hop,2003,90,71,90,-3,7,78,193,26,37,77
157,Pinball Wizard,The Who,album rock,1969,124,72,54,-9,26,47,181,2,4,69
538,I Will Survive - Extended Version,Gloria Gaynor,disco,2019,116,85,76,-5,27,59,197,6,5,61
348,Sandstorm,Darude,eurodance,2000,136,97,53,-8,8,59,225,14,5,70
293,Laugh Laugh,The Beau Brummels,brill building pop,2006,129,68,49,-9,10,75,177,30,5,30
207,Only You,Yazoo,dance rock,1982,106,31,75,-17,8,85,194,33,4,65
549,No Scrubs,TLC,atl hip hop,1999,93,68,74,-4,7,59,214,3,10,79
238,Baby I Need Your Loving,Four Tops,adult standards,1965,121,69,63,-6,19,65,166,44,4,63
274,Shed a Light,Robin Schulz,dance pop,2016,122,79,48,-5,26,58,191,11,10,65
138,When the Children Cry,White Lion,album rock,1987,130,24,49,-14,7,38,259,67,3,61
267,No Sugar Tonight / New Mother Nature,The Guess Who,album rock,2000,101,83,51,-9,31,52,294,56,4,54
499,A Song for You,Donny Hathaway,chicago soul,1971,88,22,32,-13,25,7,326,82,4,65
311,Das Boot,U96,bubble trance,1992,123,88,64,-8,25,33,314,1,7,56
513,A Milli,Lil Wayne,hip hop,2008,151,70,67,-9,19,77,222,4,28,73
166,Drag Me Down,One Direction,boy band,2015,138,71,72,-6,5,61,192,10,4,68
333,Over Under Sideways Down - The Mono Album,The Yardbirds,album rock,1966,97,86,53,-11,31,39,143,29,8,46
307,Pon de Replay,Rihanna,barbadian pop,2005,99,64,78,-8,10,50,247,0,16,73
186,no tears left to cry,Ariana Grande,dance pop,2018,122,71,70,-6,29,35,206,4,6,83
385,Low (feat. T-Pain),Flo Rida,dance pop,2008,128,61,92,-6,14,30,231,9,8,79
188,Show Me Love,Robin S,disco house,2017,120,72,82,-6,8,56,254,1,13,53
36,I Want It That Way,Backstreet Boys,boy band,2001,99,70,69,-6,16,48,214,22,3,76
439,One More Night - 2016 Remaster,Phil Collins,mellow gold,1985,136,44,53,-9,10,34,289,79,3,68
134,Five More Hours - Deorro x Chris Brown,Deorro,big room,2017,128,88,70,-3,82,50,212,3,22,69
297,I Want To Hold Your Hand - Remastered 2015,The Beatles,british invasion,2000,131,72,49,-6,31,87,146,39,5,74
14,A World Without Love,Peter And Gordon,brill building pop,2017,130,66,51,-10,11,75,161,23,6,37
564,Miami,Will Smith,hip hop,1997,108,53,88,-6,4,89,198,3,15,68
122,Broken Strings,James Morrison,neo mellow,2008,112,72,57,-5,8,32,250,1,3,70
508,Young Girl,Gary Puckett & The Union Gap,adult standards,1968,119,54,41,-8,51,45,194,65,3,56
76,Surfin' U.S.A. - Remastered,The Beach Boys,baroque pop,1963,159,85,55,-6,11,97,149,66,4,71
213,Silence Is Golden,The Tremeloes,adult standards,1997,112,56,44,-7,24,58,191,6,3,53
196,Papa Don't Preach,Madonna,dance pop,1986,122,91,81,-9,2,97,345,31,4,63
488,Highway to Hell,AC/DC,album rock,1979,116,91,57,-5,16,42,208,6,13,83
430,Halo,BeyoncÃ©,dance pop,2008,80,72,51,-6,6,47,262,27,6,77
277,Alors on danse,Stromae,belgian pop,2010,120,59,79,-9,7,71,206,10,8,73
545,Love Lockdown,Kanye West,chicago rap,2008,120,52,76,-8,11,11,270,5,3,67
200,Take Me Home Country Roads,John Denver,adult standards,1971,82,40,46,-9,12,63,190,76,3,70
119,Fix You,Coldplay,permanent wave,2005,138,42,21,-9,11,12,296,16,3,81
475,Angel of Mine - Radio Mix,Monica,dance pop,1998,90,56,59,-7,22,21,250,0,2,66
15,The Real Slim Shady,Eminem,detroit hip hop,2000,105,66,95,-4,5,76,284,3,6,80
433,Hey Jude - Remastered 2009,The Beatles,british invasion,1973,145,55,40,-10,9,67,431,3,3,67
580,Unsteady,X Ambassadors,indie poptimism,2015,117,67,39,-6,12,20,194,18,6,77
102,Live Wire,The Meters,afrobeat,1969,114,77,68,-12,17,96,160,27,4,36
242,"Evergreen (Love Theme from, ""A Star Is Born"")",Barbra Streisand,adult standards,1976,114,30,34,-11,9,19,185,93,3,65
58,Little Do You Know,Alex & Sierra,neo mellow,2014,146,29,50,-9,19,37,185,75,3,79
222,Radio Ga Ga - 2011 Mix,Queen,glam rock,1984,112,50,74,-8,19,66,348,18,4,76
309,My Way,Frank Sinatra,adult standards,1969,75,38,40,-7,12,23,277,70,3,72
28,When Love Takes Over (feat. Kelly Rowland),David Guetta,dance pop,2009,130,86,66,-5,20,50,189,1,3,63
363,Hall of Fame,The Script,celtic rock,2012,85,87,42,-4,12,63,203,7,6,78
456,You,Ten Sharp,,1991,174,90,41,-8,19,67,273,43,3,61
135,Smalltown Boy,Bronski Beat,dance rock,1984,135,58,69,-11,12,94,302,29,3,71
571,Waterloo Sunset - Mono Mix,The Kinks,album rock,1967,108,69,51,-7,17,42,194,16,2,65
505,Bleeding Love,Leona Lewis,british soul,2007,104,65,64,-6,15,20,263,19,4,70
414,End Of The Road,Boyz II Men,boy band,1991,150,43,64,-9,6,53,351,7,2,71
228,Temperature,Sean Paul,dance pop,2005,125,60,95,-5,7,82,219,11,7,75
281,Hold On My Heart - 2007 Digital Remaster,Genesis,album rock,1991,172,36,46,-13,7,27,278,61,3,56
332,I Wanna Love You,Akon,dance pop,2006,100,45,87,-9,31,35,247,4,4,70
286,Friends (with BloodPopÂ®),Justin Bieber,canadian pop,2017,105,73,74,-5,30,62,189,0,4,75
159,So Sick,Ne-Yo,dance pop,2006,93,57,45,-8,19,58,207,25,31,77
40,Goin' Back,The Byrds,art rock,1968,116,45,50,-10,12,55,206,36,3,47
25,Tiny Dancer,Elton John,glam rock,1971,145,43,41,-11,15,28,377,38,3,79
89,More And More - Single Version,Captain Hollywood Project,bubblegum dance,1993,126,85,66,-12,9,71,254,23,3,60
184,Ophelia - Remastered 2000,The Band,album rock,1975,92,68,83,-7,33,95,213,68,3,61
512,Mama,Jonas Blue,dance pop,2017,104,79,74,-4,5,54,184,10,4,68
78,Let Me Love You,Mario,dance pop,2004,95,58,66,-9,12,56,257,24,9,76
590,Moviestar,Harpo,classic uk pop,1976,119,79,55,-8,33,71,202,29,3,56
491,September Earth, Wind & Fire,disco,2014,126,83,69,-7,25,98,215,17,3,60
493,Dynamite,Taio Cruz,dance pop,2011,120,79,76,-4,3,87,203,0,8,56
398,How Am I Supposed to Live Without You,Michael Bolton,adult standards,1989,140,44,54,-12,11,23,256,19,3,69
351,Hungry Eyes,Eric Carmen,adult standards,1997,110,55,71,-9,12,55,251,1,3,73
171,Wonderful Life,Black,dance rock,1987,106,52,72,-12,21,82,288,71,3,64
181,Every Breath You Take,The Police,album rock,2017,117,48,82,-9,8,72,252,56,3,67
270,Fergalicious,Fergie,dance pop,2006,129,58,91,-8,13,83,292,6,32,63
482,Narcotic - Radio Edit,Liquido,german alternative rock,1998,102,61,62,-7,9,45,236,0,2,68
85,Rock And Roll All Nite,KISS,album rock,1975,145,93,65,-6,5,90,169,5,10,75
453,Freed From Desire,Gala,eurodance,2007,129,86,70,-4,10,64,213,59,5,71
91,Knowing Me Knowing You,ABBA,europop,1976,107,73,55,-7,24,91,242,4,3,61
60,Something Just Like This,The Chainsmokers,electropop,2017,103,64,62,-7,16,45,247,5,3,83
284,Listen to Your Heart,Roxette,europop,1988,86,58,54,-5,11,34,328,11,3,75
468,The Scientist,Coldplay,permanent wave,2002,146,44,56,-7,11,21,310,73,2,83
56,The One That Got Away,Katy Perry,dance pop,2010,134,80,69,-4,16,88,227,0,4,66
429,"Lose Yourself - From ""8 Mile"" Soundtrack",Eminem,detroit hip hop,2004,171,74,69,-5,34,6,322,1,26,76
178,Telstar,The Tornados,british invasion,1962,146,75,20,-7,38,63,195,0,4,45
88,Let It Rock,Kevin Rudolf,dance pop,2008,113,78,61,-4,7,44,231,0,4,65
71,Starboy,The Weeknd,canadian contemporary r&b,2016,186,59,68,-7,14,49,230,14,28,84
323,I Wanna Dance with Somebody (Who Loves Me),Whitney Houston,dance pop,1987,119,82,71,-9,9,87,291,21,5,80
532,The Sun Ain't Gonna Shine Anymore,The Walker Brothers,brill building pop,1998,111,68,38,-7,24,43,195,22,4,52
249,It Wasn't Me,Shaggy,dance pop,2000,95,61,85,-5,31,65,228,6,7,76
340,Moving too fast - Radio Edit,Artful Dodger,uk garage,2012,127,51,84,-11,3,52,238,9,5,57
73,Superstar,Jamelia,europop,2003,110,65,80,-7,4,82,215,5,4,67
289,Lean Back,Terror Squad,bronx hip hop,2004,127,92,80,-3,7,70,247,11,47,64
496,Heaven Is a Place on Earth,Belinda Carlisle,dance pop,2013,123,85,64,-8,5,79,247,2,3,70
182,I Will Always Love You - Film Version,Whitney Houston,dance pop,2017,133,28,34,-10,10,12,275,61,4,57
382,Little Bit Of Rain,Karen Dalton,alternative country,1969,174,6,43,-22,10,36,157,93,4,56
424,So Much In Love,The Tymes,beach music,1963,76,49,55,-10,45,44,140,79,3,45
460,Story of My Life,One Direction,boy band,2013,121,66,60,-6,12,29,245,23,5,80
585,This Diamond Ring,Gary Lewis & The Playboys,adult standards,2011,133,61,63,-11,14,78,137,33,3,41
500,Release Me,Agnes,dance pop,2009,128,92,62,-3,11,72,256,1,3,65
209,Cheri Cheri Lady,Modern Talking,eurodance,1985,114,62,68,-14,35,85,226,46,3,66
560,Everybody Knows This Is Nowhere - 2009 Remaster,Neil Young,album rock,1969,158,64,52,-9,42,85,149,2,3,52
51,Encore Une Fois - Future Breeze Edit,Sash!,bubblegum dance,1997,133,93,66,-7,19,84,221,1,4,62
371,Breakeven,The Script,celtic rock,2008,94,70,63,-5,8,49,261,14,2,68
96,Love Really Hurts Without You,Billy Ocean,dance rock,2016,141,90,52,-4,10,96,179,0,3,66
404,That's What Friends Are For,Dionne Warwick,adult standards,1985,120,24,68,-16,7,17,256,51,3,66
143,There's Nothing Holdin' Me Back,Shawn Mendes,canadian pop,2017,122,81,87,-4,8,97,199,38,6,82
466,Dancing with Tears in My Eyes,Ultravox,art rock,1984,144,91,59,-8,60,93,244,15,4,59
402,Sunny,Boney M.,disco,1976,122,87,65,-6,13,80,242,9,11,64
101,Hall of Fame,The Script,celtic rock,2012,85,87,42,-4,12,63,203,7,6,78
341,When I Look Into Your Eyes,Firehouse,album rock,2010,147,61,39,-8,16,25,240,0,3,53
62,Do It Again,Pia Mia,dance pop,2015,96,56,71,-7,9,41,208,3,5,74
173,Kids In America,Kim Wilde,dance pop,1981,160,78,56,-4,12,31,206,10,5,68
111,Nikita,Elton John,glam rock,1985,87,66,63,-9,7,75,343,12,3,68
417,Heart Full of Soul,The Yardbirds,album rock,2002,141,67,49,-10,5,70,148,23,4,62
565,You Keep Me Hangin On,Kim Wilde,dance pop,1986,123,68,69,-12,14,71,255,8,3,60
432,Slave To Love,Bryan Ferry,album rock,1985,148,82,66,-6,5,79,266,18,3,66
542,Knock You Down,Keri Hilson,dance pop,2009,155,88,59,-5,17,65,326,1,16,56
29,All Right,Christopher Cross,adult standards,1983,133,65,71,-5,23,50,254,17,4,63
336,Mr. Soul,Buffalo Springfield,blues rock,1969,135,55,67,-13,4,96,172,10,3,41
241,Suite: Judy Blue Eyes - Remastered,Crosby Stills & Nash,album rock,1969,154,36,45,-13,20,30,444,47,4,66
523,Lady - Hear Me Tonight,Modjo,disco house,2001,126,81,72,-6,6,87,307,1,4,68
406,How Deep Is Your Love,Bee Gees,adult standards,1979,105,36,63,-9,13,67,245,11,3,77
519,Let Your Love Flow,The Bellamy Brothers,country,1976,109,55,68,-15,14,95,199,6,3,68
543,Goodbye Yellow Brick Road - Remastered 2014,Elton John,glam rock,1973,121,47,56,-8,15,40,193,45,3,63
223,Cooler Than Me - Single Mix,Mike Posner,dance pop,2010,130,82,75,-5,69,65,213,15,6,60
32,Everybody (Backstreet's Back) - Radio Edit,Backstreet Boys,boy band,1997,108,85,73,-4,27,61,225,4,4,73
467,It's Gonna Be Me,*NSYNC,boy band,2000,165,87,64,-5,6,88,191,5,8,62
403,I'm Still Standing,Elton John,glam rock,1983,177,90,50,-7,14,77,183,36,18,79
360,Fame - Rerecorded,Irene Cara,dance rock,2018,131,80,71,-7,8,94,319,7,3,62
227,Sorry Seems To Be The Hardest Word,Elton John,glam rock,1976,118,22,37,-13,20,11,229,83,3,62
269,Forever Young,Alphaville,dance rock,1984,137,48,49,-9,24,33,227,42,3,73
258,Thunder,Imagine Dragons,modern rock,2017,168,82,61,-5,15,29,187,1,4,85
139,Angels,Robbie Williams,dance pop,1997,150,59,43,-6,10,24,265,16,3,73
257,Attention,Charlie Puth,dance pop,2018,100,61,78,-5,13,80,209,11,5,82
525,Voulez-Vous,ABBA,europop,1979,127,77,71,-7,17,90,309,15,4,63
374,Super Trouper,ABBA,europop,1980,118,63,76,-8,20,96,253,46,3,70
376,Walkin' Back to Happiness,Helen Shapiro,adult standards,2017,97,67,65,-9,17,83,150,66,8,42
20,Everlasting Love,Love Affair,bubblegum pop,2012,121,60,50,-10,49,81,182,26,4,51
142,Friday On My Mind,The Easybeats,australian rock,1965,95,99,37,-1,9,51,163,38,8,59
465,DÃ©senchantÃ©e - Radio Edit,Kate Ryan,belgian pop,2008,140,94,52,-5,23,29,221,17,7,57
247,You To Me Are Everything,The Real Thing,brit funk,1999,102,91,64,-8,8,82,210,23,10,62
6,Where Is The Love?,The Black Eyed Peas,dance pop,2003,94,69,84,-3,13,83,273,10,18,75
379,Teardrops On My Guitar - Radio Single Remix,Taylor Swift,dance pop,2006,100,42,62,-7,12,29,203,29,2,61
567,Cry Like a Baby,The Box Tops,brill building pop,1968,133,47,67,-12,50,77,152,34,3,40
476,Waterloo,ABBA,europop,1974,148,95,45,-5,9,65,169,40,5,66
304,Thank God I Found You,Mariah Carey,dance pop,1999,130,53,47,-6,11,15,257,59,3,61
473,Stay,Zedd,complextro,2017,102,62,69,-5,12,54,210,25,6,78
530,Take Good Care Of My Baby - 1990 Remastered,Bobby Vee,adult standards,2011,82,43,49,-12,12,66,151,70,6,60
327,White Room,Cream,album rock,1968,110,58,55,-13,4,46,298,19,3,73
372,Hey! Baby - Remastered,Bruce Channel,rock-and-roll,2017,64,62,52,-6,27,64,144,36,4,60
255,Please Don't Go,Joel Adams,australian pop,2015,84,77,51,-5,29,24,211,1,6,76
591,It's Not Right But It's Okay,Whitney Houston,dance pop,1998,128,80,81,-7,7,53,292,16,10,64
81,Airplanes (feat. Hayley Williams),B.o.B,atl hip hop,2010,93,87,66,-4,4,38,180,11,12,75
8,You Don't Know Me (feat. RAYE),Jax Jones,dance pop,2019,124,67,88,-6,32,67,213,16,14,70
405,Hero,Mariah Carey,dance pop,1993,120,38,50,-9,12,18,258,74,3,71
518,Solo (feat. Demi Lovato),Clean Bandit,dance pop,2018,105,64,74,-5,35,56,223,4,4,79
331,Black Christ of the Andes (St. Martin de Porres),Mary Lou Williams,bebop,1964,89,7,20,-20,13,6,400,98,3,42
486,Silence,Marshmello,brostep,2017,142,76,52,-3,17,29,181,26,9,80
366,Never Forget You,Zara Larsson,dance pop,2017,146,73,58,-6,27,28,213,0,5,75
335,Dilemma,Nelly,dance pop,2002,168,55,73,-8,20,61,289,23,14,77
280,Payphone,Maroon 5,pop,2012,110,75,74,-5,29,55,231,2,4,78
57,This Will Be Our Year,The Zombies,art rock,1968,98,42,54,-7,19,54,128,63,3,61
443,Dancing On My Own,Calum Scott,pop,2018,113,17,68,-9,10,24,260,84,3,83
550,No Promises (feat. Demi Lovato),Cheat Codes,dance pop,2017,113,67,74,-5,11,60,224,6,13,73
16,"Crockett's Theme - From ""Miami Vice II"" Soundtrack",Jan Hammer,jazz fusion,1991,191,39,41,-17,10,40,215,42,3,58
573,Sun Is Shining,Axwell /\ Ingrosso,big room,2017,132,76,47,-3,7,38,255,9,5,71
344,Pretty Girl - Cheat Codes X CADE Remix,Maggie Lindemann,dance pop,2017,121,87,70,-5,10,73,194,15,3,71
201,One of These Days,Emmylou Harris,country rock,1975,125,39,66,-9,12,68,184,45,3,46
27,Red Rubber Ball,The Cyrkle,brill building pop,2002,92,52,61,-10,9,79,139,43,3,39
103,Sexy Bitch (feat. Akon) - Extended,David Guetta,dance pop,2009,130,30,96,-6,8,80,312,2,13,60
528,Sheila,Tommy Roe,adult standards,1962,136,57,42,-9,6,48,127,28,11,42
537,Put Your Head On My Shoulder,Paul Anka,adult standards,2000,116,34,55,-9,10,47,155,75,3,72
221,Exchange,Bryson Tiller,pop,2015,160,43,53,-11,14,27,195,11,19,79
451,Sweet Virginia,The Rolling Stones,album rock,1972,107,74,48,-5,26,56,267,50,4,60
455,Please Mr. Postman,Carpenters,adult standards,1975,133,55,66,-12,24,96,173,14,3,62
26,High,Lighthouse Family,europop,1997,102,63,66,-9,13,59,308,11,3,68
236,Come Together - Remastered 2009,The Beatles,british invasion,1969,165,38,53,-12,9,19,260,3,4,79
383,Glory of Love,Peter Cetera,adult standards,1986,145,59,52,-8,31,31,258,8,3,71
279,Gloria - Stereo Version,Them,blues rock,2015,129,70,64,-10,10,72,157,40,5,62
434,Is This Love - 2017 Remaster,Whitesnake,album rock,1987,180,79,33,-7,12,53,285,11,4,60
273,Classic,MKTO,dance pop,2012,102,79,72,-5,16,76,175,4,12,77
400,It's Only Love - 2008 Remaster,Simply Red,british soul,2008,92,88,67,-5,4,75,299,51,4,50
189,I Love Rock 'N Roll,Joan Jett & The Blackhearts,glam punk,1981,94,72,54,-5,66,90,175,33,4,72
540,TiK ToK,Kesha,dance pop,2014,120,67,75,-7,28,63,200,6,12,63
352,7 rings,Ariana Grande,dance pop,2019,140,32,78,-11,9,33,179,59,33,90
494,Hurts So Good,John Mellencamp,album rock,1982,125,74,79,-5,11,97,219,4,4,69
319,Mamma Mia,ABBA,europop,1975,138,75,75,-7,47,83,213,30,3,72
324,Self Control,Laura Branigan,dance rock,1984,107,69,81,-12,16,78,246,22,3,70
321,Solo Dance,Martin Jensen,big room,2016,115,85,75,-2,20,40,175,5,5,70
148,Lollipop,Lil Wayne,hip hop,2008,148,43,83,-9,14,45,299,6,8,71
478,IDGAF,Dua Lipa,dance pop,2017,97,54,84,-6,8,51,218,4,9,82
121,Pony,Ginuwine,dance pop,1999,142,61,75,-9,12,97,252,0,9,72
84,Sweet Dreams,La Bouche,bubblegum dance,2007,134,96,66,-6,9,83,205,8,5,62
579,Leave The World Behind - Radio Edit,Axwell,big room,2009,128,85,53,-8,32,28,162,0,5,58
461,Rag Doll,Frankie Valli & The Four Seasons,adult standards,2003,121,53,50,-8,7,61,182,76,4,45
177,Pump It,The Black Eyed Peas,dance pop,2005,154,93,65,-3,75,74,213,1,18,72
130,My Spiritual Indian,Eddie Palmieri,boogaloo,1969,121,92,48,-6,7,50,400,58,8,41
305,All I Wanna Do,Martin Jensen,big room,2016,112,79,73,-4,7,56,194,16,7,32
147,Now And Forever,Richard Marx,mellow gold,1994,78,26,44,-11,11,17,215,66,3,65
217,I'd Really Love to See You Tonight - 2012 Collection Remaster,England Dan,adult standards,2012,119,77,58,-5,17,67,158,20,3,50
576,Alone,Alan Walker,electro house,2016,97,93,68,-3,12,16,161,19,5,70
64,Umbrella,Rihanna,barbadian pop,2008,174,83,58,-5,4,57,276,1,13,80
320,(I Just) Died In Your Arms,Cutting Crew,album rock,1986,125,73,63,-11,6,51,280,2,4,71
229,I'll Be There,Mariah Carey,dance pop,1998,82,51,41,-10,93,30,264,70,3,56
205,Astral Weeks - 1999 Remaster,Van Morrison,classic rock,1968,81,35,45,-15,14,61,426,54,3,58
586,Doin' It,LL Cool J,east coast hip hop,1996,95,53,81,-12,12,62,294,34,19,46
410,About You Now,Sugababes,bubblegum dance,2007,82,70,58,-6,49,59,212,0,4,65
472,I Want You,Marvin Gaye,classic soul,1976,101,79,52,-10,24,74,274,85,3,56
522,Fat Bottomed Girls - 2011 Remaster,Queen,glam rock,1978,89,68,33,-8,34,42,256,3,5,67
156,Love Story,Taylor Swift,dance pop,2008,119,74,62,-4,8,31,236,13,3,73
162,Guilty (feat. Barry Gibb),Barbra Streisand,adult standards,1980,151,43,63,-16,11,95,264,23,4,67
558,Please Mr. Postman,The Marvelettes,brill building pop,1961,122,78,79,-5,18,97,148,73,3,68
568,Hypnotize - 2007 Remaster,The Notorious B.I.G.,east coast hip hop,2007,94,69,90,-4,29,63,230,18,28,68
292,The Way We Were,Barbra Streisand,adult standards,1974,138,32,26,-12,13,17,211,89,3,60
126,In the End,Linkin Park,alternative metal,2000,105,86,56,-6,21,40,217,1,6,83
